Image,target
170.jpg,bharatanatyam
438.jpg,kuchipudi
458.jpg,odissi
510.jpg,odissi
138.jpg,bharatanatyam
238.jpg,kathakali
38.jpg,kathak
479.jpg,odissi
264.jpg,mohiniyattam
278.jpg,mohiniyattam
424.jpg,sattriya
97.jpg,manipuri
506.jpg,odissi
441.jpg,kuchipudi
48.jpg,mohiniyattam
390.jpg,kuchipudi
64.jpg,kathak
112.jpg,kuchipudi
485.jpg,kuchipudi
414.jpg,kuchipudi
495.jpg,odissi
292.jpg,mohiniyattam
183.jpg,kathakali
463.jpg,odissi
13.jpg,kathak
461.jpg,sattriya
146.jpg,bharatanatyam
132.jpg,bharatanatyam
392.jpg,kuchipudi
217.jpg,kathakali
71.jpg,manipuri
324.jpg,sattriya
346.jpg,sattriya
150.jpg,kuchipudi
216.jpg,kathakali
206.jpg,kathakali
59.jpg,sattriya
110.jpg,manipuri
92.jpg,manipuri
33.jpg,kathak
196.jpg,kathakali
128.jpg,bharatanatyam
447.jpg,odissi
175.jpg,bharatanatyam
518.jpg,odissi
286.jpg,mohiniyattam
95.jpg,manipuri
198.jpg,kathakali
401.jpg,kuchipudi
61.jpg,sattriya
507.jpg,odissi
340.jpg,sattriya
239.jpg,kathakali
125.jpg,kuchipudi
246.jpg,kuchipudi
514.jpg,odissi
129.jpg,bharatanatyam
271.jpg,mohiniyattam
374.jpg,kuchipudi
283.jpg,mohiniyattam
40.jpg,kathak
162.jpg,bharatanatyam
517.jpg,odissi
275.jpg,kuchipudi
67.jpg,kathak
284.jpg,mohiniyattam
366.jpg,sattriya
465.jpg,odissi
318.jpg,sattriya
226.jpg,manipuri
360.jpg,sattriya
429.jpg,kuchipudi
108.jpg,manipuri
317.jpg,kathak
9.jpg,kathak
354.jpg,sattriya
290.jpg,mohiniyattam
34.jpg,kathak
358.jpg,sattriya
147.jpg,kuchipudi
45.jpg,odissi
332.jpg,sattriya
11.jpg,kathak
431.jpg,sattriya
224.jpg,kathakali
375.jpg,sattriya
421.jpg,odissi
20.jpg,kathak
152.jpg,bharatanatyam
394.jpg,kuchipudi
456.jpg,odissi
302.jpg,mohiniyattam
410.jpg,kuchipudi
378.jpg,kuchipudi
380.jpg,kuchipudi
215.jpg,kathakali
487.jpg,odissi
86.jpg,manipuri
460.jpg,odissi
508.jpg,kuchipudi
416.jpg,kuchipudi
437.jpg,kuchipudi
316.jpg,sattriya
473.jpg,odissi
210.jpg,kathakali
349.jpg,sattriya
269.jpg,kuchipudi
17.jpg,kathak
457.jpg,odissi
232.jpg,kathakali
285.jpg,mohiniyattam
35.jpg,kathak
171.jpg,bharatanatyam
398.jpg,kuchipudi
484.jpg,odissi
330.jpg,sattriya
23.jpg,kathak
55.jpg,sattriya
157.jpg,kuchipudi
220.jpg,kathakali
373.jpg,kathak
411.jpg,odissi
520.jpg,kuchipudi
448.jpg,odissi
57.jpg,kathak
323.jpg,sattriya
363.jpg,kuchipudi
439.jpg,kuchipudi
386.jpg,kuchipudi
482.jpg,odissi
505.jpg,odissi
114.jpg,bharatanatyam
440.jpg,kuchipudi
119.jpg,bharatanatyam
301.jpg,mohiniyattam
145.jpg,bharatanatyam
385.jpg,kuchipudi
14.jpg,kuchipudi
28.jpg,kathak
306.jpg,mohiniyattam
467.jpg,odissi
291.jpg,mohiniyattam
189.jpg,kathakali
202.jpg,kathakali
498.jpg,odissi
6.jpg,kathak
194.jpg,kathakali
270.jpg,mohiniyattam
200.jpg,kathakali
470.jpg,odissi
41.jpg,kuchipudi
280.jpg,mohiniyattam
256.jpg,mohiniyattam
173.jpg,kuchipudi
80.jpg,manipuri
193.jpg,kathakali
